Tidpunkt;Latency;Down;Up;ID
2021-05-03 14:54;34,76;19,22;7,41;sth20154f60e
2021-05-03 15:00;83,54;13,81;4,57;sth201a81f6a
2021-05-03 15:05;43,55;16,56;6,15;sth401fb5c76
2021-05-03 15:07;34,84;19,42;8,63;sth2019dca1a
2021-05-03 15:10;36,57;9,04;7,36;sth2012f5ca5
2021-05-03 15:20;34,96;10,72;8,35;sth401a637b6
2021-05-03 15:22;34,97;11,52;7,80;sth201236fed
2021-05-03 15:30;34,95;17,31;7,17;sth40195c9b0
2021-05-03 15:40;34,98;6,06;5,84;sth201afde91
2021-05-03 15:50;56,90;21,01;7,60;sth201fb69ac
2021-05-03 16:00;34,96;16,24;7,12;sth4016cfd16
2021-05-03 16:10;35,00;18,07;7,17;sth2015b3a41
2021-05-03 16:20;34,95;13,77;7,14;sth401aa5530
2021-05-03 16:30;37,83;13,54;6,83;sth401015c18
2021-05-03 16:40;38,50;13,70;6,36;sth4018ac8e2
2021-05-03 16:50;34,93;16,61;6,88;sth40177019d
2021-05-03 17:00;34,79;9,27;7,13;sth401a48bdf
2021-05-03 17:10;52,11;11,49;7,50;sth4016781ce
2021-05-03 17:20;34,94;14,95;7,08;sth4018a6522
2021-05-03 17:30;34,80;12,06;7,35;sth4015257ed
2021-05-03 17:40;71,19;17,51;6,93;sth201d874ac
2021-05-03 17:50;74,37;17,12;6,70;sth401e17fd7
2021-05-03 18:00;76,80;5,72;5,06;sth2014b258e
2021-05-03 18:10;37,37;15,81;7,14;sth201abdb80
2021-05-03 18:20;50,70;14,04;1,81;sth401795c68
2021-05-03 18:30;64,57;15,77;5,59;sth40197ca82
2021-05-03 18:40;50,44;15,40;5,87;sth201f250e2
2021-05-03 18:50;36,91;11,64;5,41;sth201ce1779
2021-05-03 19:00;35,01;9,87;2,80;sth401041041
2021-05-03 19:10;67,77;7,40;4,97;sth401d3bceb
2021-05-03 19:20;36,86;5,33;5,57;sth201163424
2021-05-03 19:30;47,99;5,62;6,93;sth2011e6e04
2021-05-03 19:40;45,51;5,17;1,54;sth201254bcd
2021-05-03 19:50;34,95;5,43;6,79;sth401812d72
2021-05-03 20:00;36,80;7,16;6,68;sth4010ac12d
2021-05-03 20:10;39,98;5,60;7,25;sth401136e90
2021-05-03 20:20;40,56;3,58;6,11;sth401156a33
2021-05-03 20:30;40,20;4,95;6,52;sth20163c1d2
2021-05-03 20:40;69,51;3,16;6,01;sth201c80f38
2021-05-03 20:50;55,26;2,63;5,02;sth201b03a24
2021-05-03 21:00;42,16;3,42;5,18;sth401bdc8b1
2021-05-03 21:10;36,70;3,52;5,26;sth401ffea3d
2021-05-03 21:20;59,57;2,42;2,33;sth4012ac650
2021-05-03 21:30;67,16;5,28;3,98;sth40111c3f0
2021-05-03 21:40;39,99;5,54;4,59;sth4018e9e17
2021-05-03 21:50;83,99;2,63;3,16;sth2010ae2c6
2021-05-03 22:00;42,98;3,49;6,21;sth201a61b61
2021-05-03 22:10;124,65;8,92;4,37;sth201843f46
2021-05-03 22:20;79,40;6,11;4,70;sth201fb329b
2021-05-03 22:30;34,97;4,76;6,85;sth40152f8fb
2021-05-03 22:40;66,54;9,14;5,41;sth401f63ef8
2021-05-03 22:50;38,23;6,56;5,28;sth20186951e
2021-05-03 23:00;36,67;6,75;6,45;sth40122031a
2021-05-03 23:10;40,00;4,20;6,16;sth20193f5e2
2021-05-03 23:20;34,67;9,62;6,94;sth4016cc98f
2021-05-03 23:30;40,00;13,89;5,22;sth201a1300a
2021-05-03 23:40;34,99;14,71;6,92;sth401e81248
2021-05-03 23:50;40,00;10,02;5,67;sth401c82f1e
2021-05-04 00:00;41,13;13,30;5,59;sth4018d4cf1
2021-05-04 00:10;38,11;14,01;3,00;sth401080b8d
2021-05-04 00:20;42,44;13,25;5,42;sth2012931df
2021-05-04 00:30;39,13;18,28;7,11;sth4012d4a10
2021-05-04 00:40;39,95;13,48;5,55;sth201dc5a80
2021-05-04 00:50;45,23;14,95;5,22;sth401a309ce
2021-05-04 01:00;45,47;13,64;5,67;sth201b54b70
2021-05-04 01:10;41,12;13,26;5,52;sth401399d25
2021-05-04 01:20;35,40;21,74;7,34;sth201e47f01
2021-05-04 01:30;35,15;25,36;7,01;sth40166364a
2021-05-04 01:40;35,55;23,22;7,19;sth201e5dd85
2021-05-04 01:50;34,96;23,64;7,13;sth2018ef6f1
2021-05-04 02:00;34,90;23,23;7,34;sth4014dad60
2021-05-04 02:10;35,01;23,69;7,24;sth4015ab1b1
2021-05-04 02:20;38,98;24,20;7,31;sth2013be3ac
2021-05-04 02:30;35,67;27,72;7,05;sth2017e9ae7
2021-05-04 02:40;34,95;26,27;7,20;sth401313af8
2021-05-04 02:50;34,97;24,47;7,41;sth4011f51ba
2021-05-04 03:00;36,10;25,14;7,28;sth201f6efa2
2021-05-04 03:10;34,99;25,56;7,08;sth4012076e8
2021-05-04 03:20;34,96;24,96;7,23;sth401577b5e
2021-05-04 03:30;38,39;23,54;7,19;sth20127d77a
2021-05-04 03:40;34,96;25,74;7,27;sth201eed547
2021-05-04 03:50;34,93;23,67;7,22;sth2013b0624
2021-05-04 04:00;34,88;25,70;7,45;sth401122398
2021-05-04 04:10;34,93;27,09;6,97;sth401eb6fb5
2021-05-04 04:20;34,95;28,46;7,27;sth40131abd4
2021-05-04 04:30;34,87;28,25;7,41;sth201c95fa6
2021-05-04 04:40;34,65;25,46;7,09;sth201125926
2021-05-04 04:50;34,95;22,39;6,89;sth401173cdf
2021-05-04 05:00;38,59;12,71;7,08;sth201a12574
2021-05-04 05:10;34,98;27,37;7,47;sth401b0e2d1
2021-05-04 05:20;35,55;20,82;7,63;sth201f78f33
2021-05-04 05:30;41,74;23,86;6,94;sth201fbff6c
2021-05-04 05:40;34,88;16,50;7,06;sth4010a1463
2021-05-04 05:50;36,96;15,44;7,05;sth2018192a9
2021-05-04 06:00;40,06;19,97;7,38;sth2015be60a
2021-05-04 06:10;35,26;12,47;6,71;sth401e781fb
2021-05-04 06:20;34,59;17,94;7,16;sth401c65c79
2021-05-04 06:30;48,26;20,03;6,92;sth2012f7ad3
2021-05-04 06:40;40,98;16,45;6,90;sth201114735
2021-05-04 06:50;37,55;10,44;7,05;sth401aa8933
2021-05-04 07:00;36,70;18,67;6,95;sth4013ab1b2
2021-05-04 07:10;43,47;3,12;5,91;sth201a450e8
2021-05-04 07:20;36,57;13,24;6,28;sth201fc509b
2021-05-04 07:30;34,93;13,15;7,16;sth4010145e1
2021-05-04 07:40;34,96;13,49;6,89;sth401378eaf
2021-05-04 07:50;45,08;11,99;6,87;sth20137a982
2021-05-04 08:00;77,06;15,59;6,64;sth20185048c
2021-05-04 08:10;39,14;15,46;6,92;sth40154c162
2021-05-04 08:20;38,26;11,91;7,03;sth401d353ec
2021-05-04 08:30;36,86;15,69;7,00;sth401392a4d
2021-05-04 08:40;37,18;9,87;5,73;sth2014950ae
2021-05-04 08:50;38,96;19,67;6,43;sth401c3d8ce
2021-05-04 09:00;54,89;15,17;6,39;sth401d390e5
2021-05-04 09:10;41,84;14,87;5,47;sth401275138
2021-05-04 09:20;43,17;8,74;5,85;sth401a2b047
2021-05-04 09:30;40,46;15,28;6,12;sth401286f28
2021-05-04 09:40;41,57;10,64;6,27;sth201359a05
2021-05-04 09:50;40,37;12,07;6,91;sth2012cf1de
2021-05-04 10:00;40,73;14,47;6,56;sth401ce331c
2021-05-04 10:10;43,42;12,69;4,87;sth4018ea84a
2021-05-04 10:20;35,67;15,99;6,86;sth2016c4150
2021-05-04 10:30;34,86;19,81;6,96;sth2019ef20c
2021-05-04 10:40;37,55;15,78;7,05;sth20180bfbc
2021-05-04 10:50;42,08;18,64;6,50;sth401020722
2021-05-04 11:00;45,39;15,59;6,37;sth40177aa01
2021-05-04 11:10;73,00;18,42;3,53;sth201f2e845
2021-05-04 11:20;71,10;17,64;5,45;sth201f4d977
2021-05-04 11:30;45,84;14,60;5,61;sth4010444e9
2021-05-04 11:40;37,69;19,23;7,21;sth20109b258
2021-05-04 11:50;48,95;19,12;6,15;sth201009493
2021-05-04 17:20;34,99;12,82;6,50;sth2080a8a40
2021-05-04 17:30;80,53;20,44;6,76;sth208d74463
2021-05-04 17:40;90,98;2,95;2,07;sth208f50c9e
2021-05-04 17:50;40,25;4,82;5,98;sth4020e473b
2021-05-04 18:00;39,33;12,50;7,50;sth208699c5e
2021-05-04 18:10;42,96;11,70;6,06;sth2084d9f8e
2021-05-04 18:20;43,13;18,01;6,76;sth208c9923c
2021-05-04 18:30;46,41;11,94;6,20;sth402803362
2021-05-04 18:40;34,95;10,50;7,33;sth20800501d
2021-05-04 18:50;39,25;5,91;7,21;sth208c5e857
2021-05-04 19:00;35,52;9,66;5,81;sth4025a2fcd
2021-05-04 19:10;40,33;9,35;6,91;sth402fb29a2
2021-05-04 19:20;51,38;11,94;4,46;sth208069bdd
2021-05-04 19:30;43,55;3,59;4,44;sth402567aac
2021-05-04 19:40;89,78;4,79;5,34;sth2082728c9
2021-05-04 19:50;40,03;8,81;5,45;sth208db1e1d
2021-05-04 20:00;43,15;7,98;6,70;sth208675d94
2021-05-04 20:10;40,69;2,89;5,38;sth4021c0f0d
2021-05-04 20:20;221,15;1,78;0,53;sth2086ddbe0
2021-05-04 20:30;259,47;1,02;1,93;sth20817b5bf
2021-05-04 20:40;102,90;1,27;3,72;sth20851f42f
2021-05-04 20:50;106,25;3,29;2,60;sth20826cd7b
2021-05-04 21:00;116,48;1,53;3,25;sth20802fd35
2021-05-04 21:10;48,14;8,57;2,95;sth208a4e887
2021-05-04 21:20;215,35;0,56;0,42;sth402baf155
2021-05-04 21:30;91,01;1,74;1,85;sth208d0fa6f
2021-05-04 21:40;91,47;2,64;1,26;sth20826cfe0
2021-05-04 21:50;200,96;6,35;4,07;sth20884e46b
2021-05-04 22:00;116,46;2,25;2,28;sth402e61445
2021-05-04 22:10;39,46;5,75;5,23;sth402efeef4
2021-05-04 22:20;46,10;5,69;4,45;sth2087a17b7
2021-05-04 22:30;38,39;7,98;3,42;sth4028a44db
2021-05-04 22:40;35,26;8,50;6,77;sth208a56ad8
2021-05-04 22:50;37,71;6,85;6,27;sth208c2ddc2
2021-05-04 23:00;45,29;11,45;6,82;sth4026c3087
2021-05-04 23:10;39,60;6,35;6,57;sth40269e4ce
2021-05-04 23:20;41,13;11,16;8,34;sth208811759
2021-05-04 23:30;38,72;11,08;7,93;sth402d89518
2021-05-04 23:40;34,72;10,65;7,50;sth208853646
2021-05-04 23:50;34,96;4,32;6,10;sth402f0275d
2021-05-05 00:00;54,34;12,03;7,13;sth2082b82a4
44321,00001;68,98;14,40;6,51;sth40196c2d2
2021-05-05 00:10;36,12;12,77;7,18;sth402e0b628
2021-05-05 00:20;39,84;11,85;6,02;sth4029b1d95
2021-05-05 00:30;36,74;17,11;7,26;sth40262d9a2
2021-05-05 00:40;41,72;15,72;7,01;sth402d0aa37
2021-05-05 00:50;38,64;13,79;6,28;sth402a3fcbb
2021-05-05 01:00;34,97;12,41;7,57;sth402b17da1
2021-05-05 01:10;45,31;15,95;8,28;sth208f137c9
2021-05-05 01:20;35,87;17,85;6,46;sth402336c1d
2021-05-05 01:30;35,80;18,08;7,61;sth402c08850
2021-05-05 01:40;35,16;18,17;6,59;sth208f59b7e
2021-05-05 01:50;42,58;22,04;5,56;sth20852a6bf
2021-05-05 02:00;38,79;19,71;6,44;sth402f5219b
2021-05-05 02:10;68,61;22,12;7,79;sth208ed8090
2021-05-05 02:20;39,85;12,63;5,92;sth402417272
2021-05-05 02:30;46,11;10,57;7,38;sth208f0b417
2021-05-05 02:40;44,95;20,63;6,31;sth4026ee66d
2021-05-05 02:50;39,58;8,36;6,04;sth208b39678
2021-05-05 03:00;36,51;21,79;6,60;sth208a85bbf
2021-05-05 03:10;42,37;16,96;7,02;sth402403111
2021-05-05 03:20;39,11;21,25;8,52;sth20860ddd3
2021-05-05 03:30;40,26;18,48;6,94;sth4024c8ad2
2021-05-05 03:40;40,53;19,02;6,76;sth40230d576
2021-05-05 03:50;43,70;19,41;6,80;sth40276a166
2021-05-05 04:00;43,23;23,84;7,65;sth4023686fc
2021-05-05 04:10;38,27;24,07;7,14;sth208b16b87
2021-05-05 04:20;34,81;24,32;7,63;sth2088b2ceb
2021-05-05 04:30;34,98;23,75;6,96;sth4021d530e
2021-05-05 04:40;42,67;20,91;6,85;sth208e16a80
2021-05-05 04:50;34,99;27,14;7,38;sth208075e20
2021-05-05 05:00;37,74;23,78;6,49;sth208e4d120
2021-05-05 05:10;35,25;20,84;7,21;sth4026bd550
2021-05-05 05:20;36,29;22,03;6,58;sth208522806
2021-05-05 05:30;53,07;21,47;6,83;sth208a3d1b5
2021-05-05 05:40;34,94;11,48;6,37;sth400003870
2021-05-05 05:50;35,98;22,67;7,01;sth208e7d960
2021-05-05 06:00;34,70;19,16;6,63;sth400284d40
2021-05-05 06:10;40,23;23,30;6,82;sth208059caf
2021-05-05 06:20;34,93;15,52;7,29;sth208ab968c
2021-05-05 06:30;38,47;16,56;7,30;sth400e3d9af
2021-05-05 06:40;35,84;18,82;8,04;sth208ae6f12
2021-05-05 06:50;34,99;18,27;6,74;sth4007b06ea
2021-05-05 07:00;37,13;12,02;5,89;sth208ee2721
2021-05-05 07:10;34,95;7,03;6,18;sth2082acc9f
2021-05-05 07:20;34,95;16,17;6,70;sth208dfb1f1
2021-05-05 07:30;43,12;11,29;6,96;sth4008bae3c
2021-05-05 07:40;39,84;14,86;6,97;sth4002428e8
2021-05-05 07:50;40,87;13,64;6,10;sth40077be5a
2021-05-05 08:00;43,67;13,54;6,16;sth400168208
2021-05-05 08:10;35,50;22,13;6,39;sth208d89d0d
2021-05-05 08:20;34,69;21,06;9,08;sth4001ff6f6
2021-05-05 08:30;34,54;19,54;4,94;sth208930aa8
2021-05-05 08:40;36,44;11,46;5,44;sth400ada0c4
2021-05-05 08:50;40,23;12,88;6,23;sth4002e2c14
2021-05-05 09:00;46,67;12,05;5,10;sth2082dca19
2021-05-05 09:10;36,66;14,76;5,89;sth2087d4974
2021-05-05 09:20;40,12;18,41;7,24;sth2083bfe20
2021-05-05 09:30;39,66;14,77;6,39;sth20899e451
2021-05-05 09:40;152,96;10,70;6,12;sth400ca2d91
2021-05-05 09:50;40,64;9,41;6,91;sth208bd10a6
2021-05-05 10:00;43,68;16,79;5,22;sth208c31338
2021-05-05 10:10;35,25;17,54;7,15;sth208765634
2021-05-05 10:20;34,96;15,73;7,43;sth400f88427
2021-05-05 10:30;45,13;13,68;4,13;sth208d8b9a7
2021-05-05 10:40;78,27;15,85;5,43;sth40001521b
2021-05-05 10:50;94,98;17,94;5,55;sth4009e08d7
2021-05-05 11:00;42,79;20,91;6,21;sth400ce1615
2021-05-05 11:10;34,98;17,83;5,48;sth208541ae0
2021-05-05 11:20;124,98;3,96;5,26;sth208a49ea6
2021-05-05 11:30;39,93;9,63;6,04;sth208f434fe
2021-05-05 11:40;38,30;15,91;6,03;sth20815328d
2021-05-05 11:50;47,94;18,98;5,29;sth208608432
2021-05-05 13:00;37,50;18,23;7,45;sth208f1a752
2021-05-05 13:10;34,95;15,46;7,71;sth2082adfd1
2021-05-05 13:20;39,49;16,86;5,54;sth208a006a8
2021-05-05 13:30;39,95;14,18;6,62;sth40084dc46
2021-05-05 13:40;38,03;17,14;6,30;sth400621fee
2021-05-05 13:50;43,48;16,71;5,99;sth208366feb
2021-05-05 14:00;46,01;15,39;6,54;sth40077dc69
2021-05-05 14:10;48,08;11,30;5,56;sth208566f94
2021-05-05 14:20;39,99;9,57;8,25;sth400e38f94
2021-05-05 14:30;37,93;7,75;5,75;sth208b6e213
2021-05-05 14:40;34,95;16,11;7,89;sth400da1e0f
2021-05-05 14:50;43,68;15,89;6,88;sth20842c4b2
2021-05-05 15:00;35,00;5,41;6,85;sth4000f8886
2021-05-05 15:10;36,70;10,53;6,04;sth40089ae8a
2021-05-05 15:20;50,54;10,35;6,78;sth208df2c63
2021-05-05 15:30;35,14;19,13;5,66;sth400b91110
2021-05-05 15:40;47,21;18,05;6,15;sth208f2af3f
2021-05-05 15:50;34,82;17,75;6,52;sth40067d5d1
2021-05-05 16:00;78,14;6,45;6,33;sth208c372ca
2021-05-05 16:10;41,41;14,19;8,11;sth2084c0c66
2021-05-05 16:20;36,39;12,04;6,17;sth208349554
2021-05-05 16:30;34,95;5,96;6,04;sth208e87991
2021-05-05 16:40;36,29;5,39;6,71;sth40088f459
2021-05-05 16:50;39,97;7,14;7,12;sth208e7bb69
2021-05-05 17:00;81,31;5,97;6,67;sth2081fb713
2021-05-05 17:10;35,23;11,66;3,50;sth208f4304e
2021-05-05 17:20;37,13;9,18;6,55;sth20801d5b2
2021-05-05 17:30;36,83;14,32;6,19;sth400c71641
2021-05-05 17:40;47,00;8,08;7,84;sth4006a85d1
2021-05-05 17:50;35,05;9,12;6,16;sth400111079
2021-05-05 18:00;47,71;6,62;5,76;sth20869aba2
2021-05-05 18:10;40,99;11,06;6,71;sth400208602
2021-05-05 18:20;34,97;12,37;6,34;sth4004bd84d
2021-05-05 18:30;35,52;10,30;6,23;sth208289804
2021-05-05 18:40;92,30;3,17;6,78;sth40019c4c5
2021-05-05 18:50;34,98;3,27;6,48;sth4004e7c8a
2021-05-05 19:00;55,73;7,09;5,94;sth400bc22cb
2021-05-05 19:10;35,14;3,26;5,80;sth400f20366
2021-05-05 19:20;40,52;3,27;8,10;sth2089dd1ef
2021-05-05 19:30;40,85;2,60;5,77;sth208cc34d5
2021-05-05 19:40;42,87;2,71;5,44;sth40091fc41
2021-05-05 19:50;84,11;1,53;3,22;sth2089b5eb7
2021-05-05 20:00;63,88;1,79;3,96;sth400933131
2021-05-05 20:10;70,69;3,65;4,68;sth4003c9c40
2021-05-05 20:20;68,99;1,65;3,37;sth400a6064e
2021-05-05 20:30;37,48;3,82;4,65;sth208dfa0d3
2021-05-05 20:40;57,21;4,81;6,00;sth20812f86b
2021-05-05 20:50;59,55;3,90;3,87;sth4005fc64f
2021-05-05 21:00;40,68;1,79;1,79;sth2081b192a
2021-05-05 21:10;64,25;3,03;0,94;sth4003b9643
2021-05-05 21:20;64,10;2,63;2,33;sth400005689
2021-05-05 21:30;119,21;0,61;3,50;sth400baf40d
2021-05-05 21:40;35,10;1,37;2,41;sth400548801
2021-05-05 21:50;39,98;6,15;6,55;sth208d63d87
2021-05-05 22:00;45,17;10,00;5,81;sth400ad8dc4
2021-05-05 22:10;44,84;6,83;6,95;sth4008ef0ba
2021-05-05 22:20;38,59;8,13;6,74;sth40081c2f1
2021-05-05 22:30;35,53;9,82;6,71;sth400b7806b
2021-05-05 22:40;43,12;9,13;6,66;sth40070501e
2021-05-05 22:50;40,23;9,39;6,64;sth40097757c
2021-05-05 23:00;35,57;9,08;6,59;sth4001e46af
2021-05-05 23:10;39,94;9,47;6,51;sth40063bee5
2021-05-05 23:20;35,53;9,21;6,79;sth400f9d024
2021-05-05 23:30;34,92;7,41;6,44;sth40064afb6
2021-05-05 23:40;34,49;11,04;5,99;sth208dc7c17
2021-05-05 23:50;37,68;10,61;6,64;sth400873cab
44322,00001;35,43;19,29;6,49;sth400546d3a
2021-05-06 00:00;35,29;7,02;6,99;sth400a40bfc
2021-05-06 00:10;35,97;19,86;8,02;sth2088f46fe
44322,00696;41,14;17,66;7,37;sth4006e53c0
44322,0139;69,42;6,39;6,89;sth2087dbaad
2021-05-06 00:20;34,95;19,61;6,68;sth2089e9c59
2021-05-06 00:30;38,55;22,22;6,86;sth20843261d
44322,02084;39,79;17,41;8,13;sth400043d63
2021-05-06 00:40;34,95;14,46;7,10;sth2080dec53
44322,02779;34,69;21,62;7,10;sth208380b4f
2021-05-06 00:50;34,99;18,72;7,09;sth2082a8b50
44322,03473;42,87;21,50;6,66;sth208fdb678
2021-05-06 01:00;36,38;21,18;6,91;sth400594da9
2021-05-06 01:10;34,94;20,70;7,10;sth20856c5ae
2021-05-06 01:20;34,98;10,42;6,87;sth4000a0ebf
2021-05-06 01:30;36,59;21,81;7,10;sth40030d216
2021-05-06 01:40;39,96;20,17;6,70;sth20844ac51
2021-05-06 01:50;36,74;21,68;7,12;sth2088c024d
2021-05-06 02:00;35,69;22,30;7,47;sth208631d46
2021-05-06 02:10;38,98;24,30;6,71;sth400befbff
2021-05-06 02:20;34,93;19,90;6,92;sth4009aed46
2021-05-06 02:30;39,95;18,09;6,71;sth208e4190e
2021-05-06 02:40;34,95;19,85;6,99;sth208874ee2
2021-05-06 02:50;34,96;22,96;7,16;sth40027b8ee
2021-05-06 03:00;34,99;19,44;5,84;sth40046f6d8
2021-05-06 03:10;40,84;15,29;6,80;sth208d294c3
2021-05-06 03:20;35,27;16,17;6,57;sth2082667d6
2021-05-06 03:30;37,41;18,25;7,28;sth208cdae42
2021-05-06 03:40;34,98;17,41;6,71;sth40064ee99
2021-05-06 03:50;35,51;18,37;6,98;sth208406a33
2021-05-06 04:00;34,69;19,49;6,83;sth4001543ef
2021-05-06 04:10;34,82;17,28;6,63;sth400cf4b6e
2021-05-06 04:20;34,80;22,21;6,36;sth208f38530
2021-05-06 04:30;34,80;23,68;7,19;sth208789698
2021-05-06 04:40;34,95;20,62;7,14;sth208995fc7
2021-05-06 04:50;34,96;26,56;6,97;sth400765824
2021-05-06 05:00;35,41;27,96;6,90;sth2085dde8b
2021-05-06 05:10;34,97;23,53;6,95;sth40082b78d
2021-05-06 05:20;36,69;13,81;7,26;sth4007bea0b
2021-05-06 05:30;34,92;13,05;7,44;sth20841751d
2021-05-06 05:40;39,96;18,51;6,68;sth40099b71c
2021-05-06 05:50;35,69;20,14;7,37;sth40047ec70
2021-05-06 06:00;34,93;18,13;7,61;sth200e5d9bc
2021-05-06 06:10;37,29;21,09;7,36;sth400f96511
2021-05-06 06:20;34,97;19,05;6,96;sth400b57ec1
2021-05-06 06:30;35,79;19,79;6,81;sth200c05d22
2021-05-06 06:40;34,95;18,88;6,89;sth40049a7b6
2021-05-06 06:50;39,96;6,36;6,14;sth4006994b0
2021-05-06 07:00;35,93;14,39;6,56;sth4002f88c9
2021-05-06 07:10;38,69;18,55;6,75;sth2002574bb
2021-05-06 07:20;40,30;3,48;5,80;sth400ebbff0
2021-05-06 07:30;39,68;5,49;5,77;sth4005cfe20
2021-05-06 07:40;37,33;18,29;6,84;sth40041bdf5
2021-05-06 07:50;34,93;17,87;6,52;sth400ade85d
2021-05-06 08:00;37,83;16,41;6,80;sth20010dfb2
2021-05-06 08:10;35,11;14,33;7,52;sth200f8faaf
2021-05-06 08:20;42,82;17,69;6,40;sth400d42a03
2021-05-06 08:30;35,38;11,06;6,38;sth20097da42
2021-05-06 08:40;35,67;7,22;7,01;sth4000a0201
2021-05-06 08:50;42,15;17,75;5,81;sth2006cba2a
2021-05-06 09:00;87,11;13,10;6,53;sth400891ce5
2021-05-06 09:10;35,61;11,99;8,26;sth2008beea2
2021-05-06 09:20;36,69;12,57;6,61;sth40010b548
2021-05-06 09:30;45,40;12,10;6,03;sth200004a6d
2021-05-06 09:40;34,67;11,57;6,95;sth200364c55
2021-05-06 09:50;50,11;9,85;6,61;sth200718194
2021-05-06 10:00;34,62;16,33;6,38;sth200b2705c
2021-05-06 10:10;34,97;17,55;7,25;sth2000a2ac2
2021-05-06 10:20;35,98;9,00;6,44;sth200dd893e
2021-05-06 10:30;51,29;12,99;6,47;sth40062105b
2021-05-06 10:40;34,97;12,84;5,93;sth400ac8d03
2021-05-06 10:50;34,96;12,01;6,76;sth4000209ba
2021-05-06 11:00;34,96;15,88;7,02;sth4009123d6
2021-05-06 11:10;37,42;19,36;6,76;sth20014da60
2021-05-06 11:20;47,11;13,94;6,61;sth200061869
2021-05-06 11:30;34,97;9,00;7,43;sth400843d91
2021-05-06 11:40;34,97;14,12;7,32;sth40090f6e9
2021-05-06 11:50;167,23;4,76;5,81;sth20038049c
2021-05-06 13:00;34,66;12,95;6,03;sth205d59da2
2021-05-06 13:10;72,83;14,60;7,09;sth205c94a6c
2021-05-06 13:20;34,64;12,60;6,76;sth205012e4d
2021-05-06 13:30;36,95;10,31;7,13;sth205d0909a
2021-05-06 13:40;39,95;8,23;7,33;sth205c4ae70
2021-05-06 13:50;39,09;13,94;5,99;sth4032cdd54
2021-05-06 14:00;39,13;11,68;6,85;sth4037e623e
2021-05-06 14:10;34,66;8,60;7,20;sth4037f8171
2021-05-06 14:20;65,57;4,85;2,92;sth40311ffa5
2021-05-06 14:30;47,13;7,40;5,58;sth2056df007
2021-05-06 14:40;37,83;9,37;7,15;sth403c19541
2021-05-06 14:50;43,67;3,93;6,20;sth20582713d
2021-05-06 15:00;47,70;8,06;4,84;sth205911b89
2021-05-06 15:10;40,41;12,64;5,50;sth2055c81ed
2021-05-06 15:20;39,96;9,55;8,54;sth403afcf5b
2021-05-06 15:30;36,10;9,68;4,93;sth403f06f96
2021-05-06 15:40;36,23;6,82;5,73;sth403b815f6
2021-05-06 15:50;35,00;9,65;6,99;sth205831bb1
2021-05-06 16:00;44,03;4,65;2,76;sth2054fb399
2021-05-06 16:10;34,97;7,62;6,63;sth4036fd5e6
2021-05-06 16:20;85,69;8,54;6,89;sth205de8fd0
2021-05-06 16:30;34,85;9,03;6,71;sth205e00e22
2021-05-06 16:40;35,46;11,70;6,95;sth403ccd1a9
2021-05-06 16:50;45,67;9,27;4,67;sth2051e6142
2021-05-06 17:00;71,67;12,56;2,49;sth20507965e
2021-05-06 17:10;37,13;14,42;4,73;sth4038f48ed
2021-05-06 17:20;36,71;12,64;6,45;sth20531e76c
2021-05-06 17:30;35,26;15,79;6,90;sth2055c6387
2021-05-06 17:40;43,56;17,22;6,69;sth205a32479
2021-05-06 17:50;34,97;11,29;7,32;sth403331f89
2021-05-06 18:00;34,99;11,66;6,97;sth4030cf9df
2021-05-06 18:10;38,24;12,94;6,34;sth2050393f2
2021-05-06 18:20;101,95;9,73;7,00;sth4038c3a00
2021-05-06 18:30;50,70;2,54;2,38;gbg206539279'
2021-05-06 18:40;24,11;8,35;5,47;gbg2069b6afb'
2021-05-06 18:50;29,93;10,17;6,11;gbg206bc8555'
2021-05-06 19:00;23,75;6,83;5,79;gbg206e9363d'
2021-05-06 19:10;27,38;10,36;6,39;gbg206a1137f'
2021-05-06 19:20;29,64;6,69;6,27;gbg206145906'
2021-05-06 19:30;24,07;8,09;5,69;gbg206a67926'
2021-05-06 19:40;29,93;5,37;4,49;gbg206a1cda9'
2021-05-06 19:50;24,66;4,71;7,26;gbg206b2a2b9'
2021-05-06 20:00;40,52;5,53;4,37;gbg206570fdf'
2021-05-06 20:10;32,97;3,53;6,92;gbg206e74cae'
2021-05-06 20:20;64,16;4,17;3,75;gbg2064114f4'
2021-05-06 20:30;49,10;5,77;5,34;gbg20653102a'
2021-05-06 20:40;23,36;4,10;5,78;gbg206bce320'
2021-05-06 20:50;717,13;0,23;0,46;gbg20623cca8'
2021-05-06 21:00;62,91;0,92;3,87;gbg2061048dc'
2021-05-06 21:10;35,25;2,01;5,33;gbg206980411'
2021-05-06 21:20;63,95;2,36;2,36;gbg2062f065e'
2021-05-06 21:30;98,84;1,53;4,40;gbg2063cc80e'
2021-05-06 21:40;35,15;3,86;3,83;gbg206fcd099'
2021-05-06 21:50;141,77;1,46;4,17;gbg2062a08f5'
2021-05-06 22:00;26,34;4,75;5,34;gbg206f7b2b2'
2021-05-06 22:10;50,71;5,53;6,35;gbg206ab3ba1'
2021-05-06 22:20;41,84;5,60;5,53;gbg2065cbd00'
2021-05-06 22:30;56,98;1,78;4,98;gbg2060d702c'
2021-05-06 22:40;24,99;8,67;5,77;gbg206caf13c'
2021-05-06 22:50;26,50;3,43;4,55;gbg2066c74bc'
2021-05-06 23:00;37,06;2,30;4,55;gbg20622590b'
2021-05-06 23:10;30,29;8,09;5,34;gbg20607ad57'
2021-05-06 23:20;99,67;7,59;4,19;gbg206673813'
2021-05-06 23:30;30,55;14,22;6,82;gbg206526679'
2021-05-06 23:40;29,23;10,57;7,11;gbg206f786e4'
2021-05-06 23:50;24,95;22,21;6,91;gbg206dfbfab'
2021-05-07 00:00;29,56;16,12;6,52;gbg20665a61f'
44323,00001;39,55;13,09;5,94;sth2004b49c6
2021-05-07 00:10;25,27;14,01;7,14;gbg206594a20'
44323,00696;34,97;14,17;7,05;sth205a0a7d2
2021-05-07 00:20;26,23;13,64;6,98;gbg206145f00'
44323,0139;34,95;11,50;6,38;sth40368e3be
2021-05-07 00:30;29,17;14,63;7,03;gbg2069fa2a3'
44323,02084;39,78;15,25;6,68;sth40391c42c
2021-05-07 00:40;29,94;16,25;7,17;gbg206a9d942'
44323,02779;40,24;11,23;6,38;sth40358f5db
2021-05-07 00:50;24,97;15,04;7,21;gbg206ea9b7d'
44323,03473;35,70;9,55;7,02;sth4038164fc
2021-05-07 01:00;27,21;14,73;5,98;gbg206305b44'
2021-05-07 01:10;24,96;17,49;7,16;gbg2061ddac3'
2021-05-07 01:20;24,09;17,77;7,50;gbg2061043f3'
2021-05-07 01:30;24,56;18,74;7,39;gbg2068d3775'
2021-05-07 01:40;27,99;18,32;8,02;gbg2067be3c5'
2021-05-07 01:50;24,73;17,96;8,02;gbg2063c24ec'
2021-05-07 02:00;24,11;19,47;8,04;gbg2068fffde'
2021-05-07 02:10;25,69;18,83;8,09;gbg206fc8ecc'
2021-05-07 02:20;24,48;19,28;8,70;gbg20696d8c5'
2021-05-07 02:30;24,95;14,98;6,06;gbg206f4dbe9'
2021-05-07 02:40;25,68;20,48;8,70;gbg206aa3817'
2021-05-07 02:50;24,94;18,39;8,95;gbg2063e918e'
2021-05-07 03:00;24,93;18,94;8,36;gbg206e7e9eb'
2021-05-07 03:10;24,52;19,90;8,49;gbg20605835d'
2021-05-07 03:20;24,99;17,54;8,68;gbg206c3c424'
2021-05-07 03:30;25,14;18,83;9,15;gbg206f83194'
2021-05-07 03:40;27,83;15,39;8,57;gbg20687397a'
2021-05-07 03:50;24,93;18,57;9,00;gbg206aac60d'
2021-05-07 04:00;44,98;20,81;9,16;gbg206e1820e'
2021-05-07 04:10;27,10;19,47;9,60;sth406ce8b89
2021-05-07 04:20;19,12;18,79;9,73;sth406e11568
2021-05-07 04:30;19,26;21,81;10,31;sth406bc8a80
2021-05-07 04:40;21,39;23,53;10,48;sth404d2328d
2021-05-07 04:50;24,99;20,63;10,28;sth20a264c15
2021-05-07 05:00;19,99;22,27;10,77;sth4044530d9
2021-05-07 05:10;29,97;20,85;10,62;mmo2027352fc'
2021-05-07 05:20;40,00;15,69;5,39;mmo404f9ae6f'
2021-05-07 05:30;29,93;23,00;10,69;mmo20252fbcb'
2021-05-07 05:40;28,61;16,19;5,27;sth2067e8167
2021-05-07 05:50;29,96;10,75;4,84;sth40820d05c
2021-05-07 06:00;36,72;13,65;7,90;sth4089616c5
2021-05-07 06:10;29,97;15,21;5,20;sth408b22eba
2021-05-07 06:20;29,92;17,52;4,53;sth4085dd55f
2021-05-07 06:30;29,71;14,36;5,42;sth20631c99f
2021-05-07 06:40;31,87;17,83;10,12;sth20632be48
2021-05-07 06:50;34,25;6,62;9,04;sth2065a7cd9
2021-05-07 07:00;30,71;18,30;9,19;sth20622fc99
2021-05-07 07:10;29,53;16,90;8,75;sth20614f710
2021-05-07 07:20;30,51;19,13;9,00;sth408f0c11d
2021-05-07 07:30;29,58;14,69;7,82;sth408e2884b
2021-05-07 07:40;32,23;11,94;8,63;sth4084952f1
2021-05-07 07:50;32,12;12,33;6,73;sth408ba461d
2021-05-07 08:00;37,06;11,92;4,91;sth206e27969
2021-05-07 08:10;29,69;16,50;6,84;sth206023ae9
2021-05-07 08:20;29,57;15,75;8,32;sth40854f0eb
2021-05-07 08:30;36,50;12,24;6,22;sth206067fab
2021-05-07 08:40;30,98;6,29;7,30;sth408d3830e
2021-05-07 08:50;35,69;11,46;6,17;sth2060d929d
2021-05-07 09:00;29,94;14,12;5,43;sth2063b1b1e
2021-05-07 09:10;31,85;10,92;7,13;sth408441966
2021-05-07 09:20;73,40;15,21;5,76;sth408f48eee
2021-05-07 09:30;30,00;20,45;7,26;sth4080b1797
2021-05-07 09:40;60,29;17,72;7,18;sth408e4a78c
2021-05-07 09:50;33,79;20,27;7,45;sth2064fb23e
2021-05-07 10:00;72,13;11,61;6,00;sth206c08bf1
2021-05-07 10:10;30,85;19,14;7,15;sth40809a7bb
2021-05-07 10:20;29,85;20,97;5,98;sth20602b273
2021-05-07 10:30;29,51;17,79;6,66;sth40823196e
2021-05-07 10:40;29,98;6,74;5,89;sth206c42a8b
2021-05-07 10:50;29,59;20,78;6,39;sth206050d94
2021-05-07 11:00;29,70;19,73;6,45;sth408387d17
2021-05-07 11:10;33,69;18,28;5,77;sth2067bff43
2021-05-07 11:20;29,56;21,94;6,72;sth206068cc3
2021-05-07 11:30;28,71;16,94;7,60;sth206a2345d
2021-05-07 11:40;30,12;21,46;7,29;sth206f9d3eb
2021-05-07 11:50;32,84;13,11;5,77;sth408f70649
2021-05-07 13:00;86,84;12,76;5,75;sth206bda568
2021-05-07 13:10;40,54;5,41;6,01;sth206a333a3
2021-05-07 13:20;29,49;14,84;8,09;sth206faf5cd
2021-05-07 13:30;31,42;18,75;7,16;sth40834d828
2021-05-07 13:40;30,58;13,79;7,11;sth2064c3c37
2021-05-07 13:50;110,97;16,68;7,09;sth408a15191
2021-05-07 14:00;87,53;15,77;5,83;sth2069f9380
2021-05-07 14:10;33,84;12,95;7,22;sth206781859
2021-05-07 14:20;29,35;10,97;5,61;sth20627f094
2021-05-07 14:30;30,12;9,96;7,78;sth206705b5f
2021-05-07 14:40;37,71;14,82;7,04;sth20658e467
2021-05-07 14:50;39,55;10,61;4,79;sth408f624e5
2021-05-07 15:00;37,95;15,06;6,70;sth2061b6428
2021-05-07 15:10;29,82;7,75;5,30;sth4087acb36
2021-05-07 15:20;35,44;11,75;4,19;sth206efdb20
2021-05-07 15:30;29,66;16,53;6,65;sth2066ac35a
2021-05-07 15:40;31,39;4,86;6,47;sth20657a2df
2021-05-07 15:50;29,56;16,86;7,52;sth2067e51b7
2021-05-07 16:00;32,79;18,73;6,75;sth40888ce39
2021-05-07 16:10;35,69;11,73;6,29;sth20635f1c4
2021-05-07 16:20;30,00;10,52;7,36;sth206c60547
2021-05-07 16:30;36,69;9,93;3,36;sth2063c5a97
2021-05-07 16:40;33,83;7,35;5,62;sth40850b29b
2021-05-07 16:50;34,80;12,53;5,80;sth40881c8f6
2021-05-07 17:00;98,13;10,76;4,81;sth206658993
2021-05-07 17:10;38,35;9,95;7,13;sth206d5c4da
2021-05-07 17:20;185,65;5,93;4,19;sth4085ad65c
2021-05-07 17:30;64,83;11,71;4,42;sth206ed5cd7
2021-05-07 17:40;64,25;7,37;5,19;sth408209959
2021-05-07 17:50;32,11;10,74;6,01;sth40836b9a1
2021-05-07 18:00;40,93;10,09;6,77;sth206b6bdd7
2021-05-07 18:10;29,90;4,89;5,62;sth408da2546
2021-05-07 18:20;32,11;5,46;6,40;sth206924130
2021-05-07 18:30;38,00;8,46;6,46;sth408f80330
2021-05-07 18:40;30,94;11,15;6,77;sth20645bfb4
2021-05-07 18:50;29,21;14,08;6,34;sth408804b0f
2021-05-07 19:00;39,95;9,58;6,10;sth2064002e4
2021-05-07 19:10;37,08;9,16;6,61;sth206f24353
2021-05-07 19:20;38,53;8,21;4,43;sth206dfd4d2
2021-05-07 19:30;34,60;12,07;5,19;sth206a408f1
2021-05-07 19:40;38,55;13,18;6,41;sth408a75837
2021-05-07 19:50;39,68;13,29;6,24;sth408990993
2021-05-07 20:00;80,48;9,78;4,25;sth408927bcd
2021-05-07 20:10;64,01;7,63;4,49;sth40875d174
2021-05-07 20:20;72,72;4,18;3,14;sth40858f55e
2021-05-07 20:30;123,10;2,38;1,59;sth2062fd889
2021-05-07 20:40;77,45;3,88;2,17;sth408d1be1f
2021-05-07 20:50;100,13;2,50;2,65;sth2061ee40d
2021-05-07 21:00;153,12;1,62;2,51;sth408a88938
2021-05-07 21:10;68,22;3,82;3,81;sth4085c8af7
2021-05-07 21:20;82,19;2,43;0,43;sth206716bf4
2021-05-07 21:30;81,69;2,77;5,13;sth206f7c236
2021-05-07 21:40;89,48;3,40;1,21;sth408f4b866
2021-05-07 21:50;64,50;4,88;4,73;sth20628c9b3
2021-05-07 22:00;120,68;3,85;2,84;sth4080d625d
2021-05-07 22:10;79,39;7,27;4,50;sth206e885c3
2021-05-07 22:20;61,86;4,60;4,74;sth206c6fc77
2021-05-07 22:30;70,99;5,85;3,80;sth2063424da
2021-05-07 22:40;123,13;1,30;2,36;sth4080a465c
2021-05-07 22:50;92,12;6,25;3,62;sth206913a8e
2021-05-07 23:00;37,80;8,59;3,46;sth20622d3d1
2021-05-07 23:10;98,31;8,74;5,13;sth408ece342
2021-05-07 23:20;130,54;4,56;4,68;sth2068ecd49
2021-05-07 23:30;93,60;9,52;5,20;sth206019cdc
2021-05-07 23:40;83,86;7,08;3,06;sth4082ed38f
2021-05-07 23:50;29,03;14,36;6,99;sth206841e8f
44324,00001;32,14;19,09;7,15;sth2064b012f
2021-05-08 00:00;29,25;13,93;6,34;sth40895048f
2021-05-08 00:10;36,55;7,02;5,80;sth20673a5f1
44324,00696;35,10;19,21;7,16;sth40848bd28
2021-05-08 00:20;29,89;15,34;7,12;sth4089b0169
44324,0139;32,36;10,91;6,35;sth408f28534
44324,02084;28,94;20,55;7,10;sth4080cc232
2021-05-08 00:30;29,90;15,75;6,99;sth4083f7034
2021-05-08 00:40;29,96;10,14;7,15;sth206294d8c
44324,02779;30,02;9,51;6,94;sth408e4f0cc
44324,03473;29,95;15,30;7,43;sth206fbade8
2021-05-08 00:50;29,68;17,08;7,09;sth4084a7099
2021-05-08 01:00;31,69;12,83;7,12;sth408858173
2021-05-08 01:10;29,97;17,75;6,58;sth2065c15ef
2021-05-08 01:20;29,68;14,03;7,10;sth408706a00
2021-05-08 01:30;29,90;15,58;6,90;sth206788977
2021-05-08 01:40;29,97;21,51;6,97;sth4082b6b88
2021-05-08 01:50;29,92;21,89;6,96;sth206bb658a
2021-05-08 02:00;29,37;18,94;5,94;sth408179134
2021-05-08 02:10;29,95;16,30;7,11;sth4082f80cb
2021-05-08 02:20;29,95;18,24;7,01;sth206676324
2021-05-08 02:30;29,93;21,69;6,94;sth4083283e0
2021-05-08 02:40;29,93;21,53;7,24;sth206fe0363
2021-05-08 02:50;30,29;23,20;7,26;sth408704653
2021-05-08 03:00;29,55;21,14;7,15;sth20645f30f
2021-05-08 03:10;29,94;19,38;7,09;sth206fad383
2021-05-08 03:20;29,95;23,18;7,22;sth20650dba6
2021-05-08 03:30;29,67;22,66;7,20;sth206d6c566
2021-05-08 03:40;29,77;18,50;7,36;sth206aba093
2021-05-08 03:50;29,68;21,16;7,25;sth4089fefc3
2021-05-08 04:00;29,94;24,28;7,39;sth4083f99bb
2021-05-08 04:10;29,83;20,06;7,47;sth408eea126
2021-05-08 04:20;31,40;25,79;7,74;sth206b2cc63
2021-05-08 04:30;29,09;25,83;7,45;sth206be6a02
2021-05-08 04:40;29,54;21,81;7,70;sth206ba539c
2021-05-08 04:50;30,40;23,20;7,65;sth206f632ff
2021-05-08 05:00;34,22;18,22;7,74;sth408ff7dfb
2021-05-08 05:10;29,54;21,52;7,80;sth408ba0edd
2021-05-08 05:20;33,96;20,81;7,79;sth206c2d235
2021-05-08 05:30;29,08;22,92;7,60;sth408ff5b50
2021-05-08 05:40;40,70;19,15;7,65;sth408210102
2021-05-08 05:50;29,94;17,09;6,73;sth20befba91
2021-05-08 06:00;29,95;21,12;7,32;sth405c43234
2021-05-08 06:10;29,55;20,91;7,53;sth405577277
2021-05-08 06:20;29,96;19,81;7,28;sth20b1be48c
2021-05-08 06:30;30,49;16,45;6,90;sth4053e1e8b
2021-05-08 06:40;39,83;14,89;6,03;sth20be4152e
2021-05-08 06:50;29,96;20,07;6,63;sth20b176abb
2021-05-08 07:00;29,53;20,23;7,09;sth4051ef031
2021-05-08 07:10;29,92;15,97;6,57;sth20bfdc81e
2021-05-08 07:20;29,92;12,33;7,63;sth405a1df2c
2021-05-08 07:30;29,97;15,05;6,74;sth20b12e725
2021-05-08 07:40;29,98;15,53;6,96;sth20bb36311
2021-05-08 07:50;29,96;17,54;6,57;sth4054d075c
2021-05-08 08:00;31,95;12,31;7,54;sth20bf95b3d
2021-05-08 08:10;30,44;9,36;6,67;sth20bc86618
2021-05-08 08:20;29,90;14,49;6,91;sth20bb02a76
2021-05-08 08:30;29,92;15,86;6,83;sth20bfbdec7
2021-05-08 08:40;29,82;15,20;7,15;sth20b925567
2021-05-08 08:50;29,92;8,24;6,88;sth405a7366c
2021-05-08 09:00;30,56;19,52;6,71;sth4056e985d
2021-05-08 09:10;29,93;16,24;6,81;sth20bfd7f33
2021-05-08 09:20;34,20;15,42;7,22;sth20b85f98b
2021-05-08 09:30;29,38;13,30;6,71;sth20b5441d0
2021-05-08 09:40;30,13;4,44;7,12;sth20bd6925f
2021-05-08 09:50;29,70;14,99;6,11;sth4058ec733
2021-05-08 10:00;31,70;8,78;6,99;sth4056ad4ca
2021-05-08 10:10;29,97;14,62;7,41;sth405f6b902
2021-05-08 10:20;35,05;12,90;6,23;sth40534b074
2021-05-08 10:30;38,52;17,48;6,54;sth20bdb64da
2021-05-08 10:40;62,22;13,47;6,70;sth20b846c04
2021-05-08 10:50;35,40;7,59;6,93;sth20b143410
2021-05-08 11:00;31,10;5,72;7,52;sth405d17ebc
2021-05-08 11:10;29,08;4,97;7,08;sth405766908
2021-05-08 11:20;29,83;16,06;8,13;sth405149bd1
2021-05-08 11:30;30,22;13,13;7,22;sth4054d9891
2021-05-08 11:40;29,24;8,54;6,17;sth20ba1642b
2021-05-08 11:50;38,53;13,07;7,74;sth40511f117
2021-05-08 13:00;29,93;8,96;7,06;sth405505734
2021-05-08 13:10;29,91;9,76;7,25;sth20b65bcf5
2021-05-08 13:20;43,12;6,93;6,89;sth405103762
2021-05-08 13:30;29,79;6,57;7,22;sth4054de31d
2021-05-08 13:40;29,51;5,59;4,19;sth405b7c5d2
2021-05-08 13:50;29,92;3,16;7,52;sth405eef666
2021-05-08 14:00;30,15;1,41;4,21;sth405db31be
2021-05-08 14:10;29,56;5,51;7,17;sth20b164d94
2021-05-08 14:20;29,98;5,60;6,03;sth20bfc3069
2021-05-08 14:30;33,85;5,96;6,53;sth20b09a64c
2021-05-08 14:40;30,95;5,23;6,79;sth20b70bcc3
2021-05-08 14:50;33,00;3,81;2,57;sth405ba540d
2021-05-08 15:00;59,39;3,23;6,18;sth20b19a6c0
2021-05-08 15:10;29,86;7,49;7,98;sth40573ad04
2021-05-08 15:20;36,84;3,57;6,74;sth20bfcc131
2021-05-08 15:30;208,14;10,13;6,55;sth20b6ec48c
2021-05-08 15:40;29,24;6,73;6,09;sth20b8409ec
2021-05-08 15:50;30,11;4,46;5,42;sth20bc4b2b6
2021-05-08 16:00;31,70;6,70;4,64;sth20b9ed012
2021-05-08 16:10;32,87;8,73;7,60;sth20b42b1b4
2021-05-08 16:20;35,68;3,63;4,70;sth405a4230c
2021-05-08 16:30;63,52;5,66;5,10;sth20b700079
2021-05-08 16:40;196,26;1,36;1,88;sth20b49138f
2021-05-08 16:50;37,96;4,70;6,79;sth405d8cde7
2021-05-08 17:00;66,54;6,34;0,67;sth20b6ec1f2
2021-05-08 17:10;29,43;7,47;7,30;sth20b8e6277
2021-05-08 17:20;29,51;8,01;6,73;sth405f0e3a8
2021-05-08 17:30;29,58;6,74;6,50;sth405bb7c05
2021-05-08 17:40;78,36;4,70;6,70;sth405d7494b
2021-05-08 17:50;29,53;3,17;6,90;sth20b2cd86c
2021-05-08 18:00;34,67;8,40;8,05;sth20bfb2358
2021-05-08 18:10;28,87;6,14;7,06;sth405cc4dca
2021-05-08 18:20;29,51;3,20;8,36;sth405c8b5ae
2021-05-08 18:30;29,71;6,79;7,20;sth20b119160
2021-05-08 18:40;29,50;6,01;7,24;sth20be46b7e
2021-05-08 18:50;29,87;5,75;6,10;sth40557c035
2021-05-08 19:00;37,86;4,56;6,49;sth20b58a8c2
2021-05-08 19:10;77,17;3,00;3,10;sth405f0d4fa
2021-05-08 19:20;29,09;2,50;5,37;sth4053a591a
2021-05-08 19:30;58,41;2,30;3,85;sth20be48341
2021-05-08 19:40;55,69;1,70;3,61;sth405736fd5
2021-05-08 19:50;39,72;4,54;6,11;sth20b21ec88
2021-05-08 20:00;43,56;3,25;1,77;sth405c73c73
2021-05-08 20:10;39,40;8,18;5,58;sth405074e99
2021-05-08 20:20;110,97;1,74;3,62;sth40562219e
2021-05-08 20:30;109,94;5,00;2,26;sth20b5e56f4
2021-05-08 20:40;76,84;2,38;5,37;sth40507c0d3
2021-05-08 20:50;79,55;4,67;5,10;sth20b4ac288
2021-05-08 21:00;73,64;7,75;5,45;sth405f91357
2021-05-08 21:10;83,58;5,02;4,81;sth405fcd2a3
2021-05-08 21:20;68,98;2,16;4,98;sth405cfe748
2021-05-08 21:30;84,14;5,84;5,05;sth20bc9ca6d
2021-05-08 21:40;97,09;3,41;5,31;sth20b1e78d2
2021-05-08 21:50;92,43;1,84;2,81;sth20b5094cc
2021-05-08 22:00;70,67;2,25;2,29;sth20bbb748a
2021-05-08 22:10;65,86;4,33;5,61;sth20b8decb2
2021-05-08 22:20;95,11;3,89;4,95;sth405ed1581
2021-05-08 22:30;71,72;4,72;5,98;sth4056a6cb4
2021-05-08 22:40;74,25;4,67;5,66;sth20b9e75b8
2021-05-08 22:50;45,67;4,82;3,77;sth20ba2eeb3
2021-05-08 23:00;146,11;4,93;6,35;sth20bde77d2
2021-05-08 23:10;34,70;13,11;6,52;sth4055315fd
2021-05-08 23:20;33,96;14,07;5,73;sth20b30aecb
2021-05-08 23:30;29,20;8,20;6,67;sth20b2eaf4c
2021-05-08 23:40;29,97;8,08;6,21;sth20bb58052
2021-05-08 23:50;36,55;6,86;5,96;sth405cd91c3
2021-05-09 00:00;36,85;8,67;4,16;sth20ba026c0
44325,00001;46,00;16,91;7,61;sth4059103b5
44325,00696;29,25;14,28;7,85;sth20b85b81f
2021-05-09 00:10;29,25;12,64;6,95;sth405ae63d3
44325,0139;29,95;11,93;6,90;sth40570f437
2021-05-09 00:20;29,83;12,84;6,86;sth405856289
2021-05-09 00:30;38,51;9,37;6,04;sth20ba9da4b
44325,02084;117,23;11,39;5,67;sth20bbdaa6c
44325,02779;55,65;8,64;5,56;sth405acb266
2021-05-09 00:40;37,39;10,99;6,27;sth405e35224
44325,03473;29,54;6,71;6,84;sth20b342c8e
2021-05-09 00:50;37,42;14,30;6,16;sth20bf01e46
2021-05-09 01:00;49,45;15,53;6,53;sth20b22ae29
2021-05-09 01:10;29,78;16,47;7,02;sth20b0763aa
2021-05-09 01:20;29,83;15,78;6,94;sth4054a38b1
2021-05-09 01:30;29,70;14,70;6,41;sth4056caca2
2021-05-09 01:40;29,99;13,31;7,00;sth4056e3842
2021-05-09 01:50;29,69;17,76;6,91;sth40561999b
2021-05-09 02:00;29,99;18,34;6,88;sth20ba759ce
2021-05-09 02:10;29,97;19,77;7,13;sth405ffc0a1
2021-05-09 02:20;29,67;20,79;6,89;sth20bbde211
2021-05-09 02:30;29,56;21,27;6,85;sth405a7f516
2021-05-09 02:40;29,69;19,91;7,04;sth405861faa
2021-05-09 02:50;31,69;19,48;6,93;sth20b0912cc
2021-05-09 03:00;29,56;20,55;6,39;sth20bd2f62b
2021-05-09 03:10;29,71;21,41;6,85;sth20b967876
2021-05-09 03:20;36,54;20,35;6,90;sth20b333521
2021-05-09 03:30;32,28;23,71;6,89;sth40579b4ba
2021-05-09 03:40;31,00;23,77;6,81;sth405ee54e0
2021-05-09 03:50;39,98;10,98;6,33;sth20b7d0d98
2021-05-09 04:00;30,26;20,56;6,77;sth20b9ba9ed
2021-05-09 04:10;29,36;18,77;6,88;sth405045e98
2021-05-09 04:20;39,94;16,16;6,27;sth20b059eed
2021-05-09 04:30;29,98;24,12;7,10;sth20bb349fd
2021-05-09 04:40;29,83;22,61;6,97;sth20ba2e6a4
2021-05-09 04:50;40,01;16,77;6,67;sth20b1c49ff
2021-05-09 05:00;39,70;17,15;6,61;sth20b2cb4ea
2021-05-09 05:10;29,94;20,27;6,93;sth20b6e891c
2021-05-09 05:20;28,82;19,91;6,97;sth20bdbf96a
2021-05-09 05:30;29,82;15,00;6,89;sth20b7c1956
2021-05-09 05:40;29,96;16,42;6,80;sth405099384
2021-05-09 05:50;34,68;20,21;6,85;sth40513eb41
2021-05-09 06:00;29,93;18,73;6,35;sth20a006104
2021-05-09 06:10;35,69;20,19;6,54;sth40489f5df
2021-05-09 06:20;38,25;11,24;6,43;sth20a81e036
2021-05-09 06:30;33,54;14,44;5,97;sth20aedcb57
2021-05-09 06:40;38,67;15,54;5,98;sth20a45405d
2021-05-09 06:50;37,41;16,00;6,36;sth20a349eea
2021-05-09 07:00;37,14;15,53;6,55;sth20a4a6089
2021-05-09 07:10;30,26;11,27;6,88;sth20a52930b
2021-05-09 07:20;29,56;21,45;6,72;sth20a653369
2021-05-09 07:30;38,78;11,66;6,74;sth40469b002
2021-05-09 07:40;32,86;16,29;5,99;sth40461c4f0
2021-05-09 07:50;31,25;17,00;6,92;sth404a5ebe7
2021-05-09 08:00;37,06;13,07;6,01;sth20a5defcc
2021-05-09 08:10;37,12;10,00;6,75;sth20a37bea7
2021-05-09 08:20;46,85;10,50;5,71;sth404a88b0a
2021-05-09 08:30;40,70;13,28;5,87;sth20ae77a9d
2021-05-09 08:40;38,24;10,38;6,81;sth40429418f
2021-05-09 08:50;51,28;5,61;6,22;sth20ababb4c
2021-05-09 09:00;39,97;11,55;5,11;sth20af349fa
2021-05-09 09:10;36,83;8,08;6,43;sth40405602e
2021-05-09 09:20;37,50;9,61;6,62;sth404d0dac0
2021-05-09 09:30;42,79;10,85;5,90;sth404efe919
2021-05-09 09:40;39,42;12,80;5,49;sth20a890c05
2021-05-09 09:50;29,89;12,88;6,21;sth4048bfd04
2021-05-09 10:00;33,80;16,08;6,14;sth404574293
2021-05-09 10:10;37,08;10,45;5,79;sth404e1312d
2021-05-09 10:20;39,64;10,11;6,73;sth40411a481
2021-05-09 10:30;39,68;12,75;6,80;sth4043b2e24
2021-05-09 10:40;41,02;14,08;7,29;sth404a06625
2021-05-09 10:50;66,00;7,20;6,25;sth404813248
2021-05-09 11:00;52,84;7,01;7,56;sth20a0ed4e7
2021-05-09 11:10;37,10;12,67;6,54;sth20a20d5b0
2021-05-09 11:20;41,12;13,76;6,96;sth20ad0c540
2021-05-09 11:30;32,44;11,19;6,53;sth20a1a91b7
2021-05-09 11:40;29,96;11,44;5,89;sth404238113
2021-05-09 11:50;35,69;11,65;5,80;sth40495f3d5
2021-05-09 13:00;59,97;12,61;5,70;sth20a65d914
2021-05-09 13:10;34,67;9,91;5,67;sth20a5730a0
2021-05-09 13:20;35,11;8,59;5,92;sth20a1581a5
2021-05-09 13:30;32,53;8,19;6,24;sth20aa0b47b
2021-05-09 13:40;29,69;9,84;6,69;sth40478e513
2021-05-09 13:50;39,91;6,16;5,91;sth40497f51e
2021-05-09 14:00;30,70;5,88;5,77;sth404ad6363
2021-05-09 14:10;36,86;7,38;6,60;sth20a141068
2021-05-09 14:20;37,11;6,18;6,20;sth20a3495e8
2021-05-09 14:30;39,71;4,59;5,62;sth40454dfce
2021-05-09 14:40;29,53;6,75;6,03;sth20a5e588b
2021-05-09 14:50;29,94;8,55;6,72;sth404e7f04b
2021-05-09 15:00;39,96;10,46;6,27;sth20aee872f
2021-05-09 15:10;32,92;13,09;6,42;sth20a39d683
2021-05-09 15:20;30,00;11,29;5,84;sth404feaa76
2021-05-09 15:30;32,85;10,78;5,75;sth4047d84b2
2021-05-09 15:40;39,36;10,18;6,04;sth20a8f3637
2021-05-09 15:50;41,69;8,23;6,00;sth4047554fa
2021-05-09 16:00;39,30;10,03;5,83;sth404b70294
2021-05-09 16:10;29,94;8,65;5,74;sth404659f69
2021-05-09 16:20;30,61;8,04;5,63;sth20ac808ba
2021-05-09 16:30;39,27;12,99;7,01;sth20a9e5b75
2021-05-09 16:40;32,73;11,31;5,78;sth4044eb542
2021-05-09 16:50;36,95;7,17;6,49;sth404babde2
2021-05-09 17:00;41,41;7,95;6,07;sth404de1ae6
2021-05-09 17:10;38,84;14,13;6,39;sth20a75356f
2021-05-09 17:20;33,91;13,26;6,59;sth20a62032f
2021-05-09 17:30;38,53;7,72;6,31;sth4045e6648
2021-05-09 17:40;38,52;10,62;6,23;sth20aa612bb
2021-05-09 17:50;29,94;4,50;4,95;sth20ac97db3
2021-05-09 18:00;89,71;6,19;5,38;sth20af27565
2021-05-09 18:10;35,38;9,12;5,11;sth20a315df1
2021-05-09 18:20;58,58;4,57;5,00;sth20a692895
2021-05-09 18:30;36,71;6,34;5,37;sth404235aed
2021-05-09 18:40;52,28;2,77;5,38;sth404f9fb27
2021-05-09 18:50;133,38;6,55;3,83;sth20a0fcdb1
2021-05-09 19:00;57,68;3,93;4,15;sth404b2af4c
2021-05-09 19:10;67,83;1,66;3,95;sth4042252b0
2021-05-09 19:20;54,57;1,62;3,68;sth20adb5789
2021-05-09 19:30;87,07;1,70;3,39;sth404300a24
2021-05-09 19:40;100,82;2,71;4,11;sth20a7dc550
2021-05-09 19:50;63,01;5,58;4,22;sth404c6ce59
2021-05-09 20:00;66,58;3,75;0,64;sth40466cc3c
2021-05-09 20:10;70,27;2,40;5,19;sth20ae192c3
2021-05-09 20:20;128,74;2,81;2,74;sth404880450
2021-05-09 20:30;291,16;0,75;3,19;sth20acb8f80
2021-05-09 20:40;161,12;1,66;2,00;sth404ecaea3
2021-05-09 20:50;110,18;3,30;4,80;sth20a078d6f
2021-05-09 21:00;77,71;6,62;5,60;sth404d7ef76
2021-05-09 21:10;94,27;2,29;4,34;sth404acc854
2021-05-09 21:20;244,25;1,32;3,05;sth20ae6d4ba
2021-05-09 21:30;105,10;1,21;1,39;sth4043af69e
2021-05-09 21:40;84,85;0,87;2,36;sth20af48a1a
2021-05-09 21:50;74,27;3,56;3,59;sth404e05840
2021-05-09 22:00;74,87;1,86;4,07;sth40482aecc
2021-05-09 22:10;160,57;4,46;5,75;sth20a1ce9f8
2021-05-09 22:20;60,45;8,17;5,28;sth20a1bc045
2021-05-09 22:30;31,85;8,84;5,96;sth404444c03
2021-05-09 22:40;37,62;7,88;6,12;sth20abb5ef5
2021-05-09 22:50;29,72;5,65;5,00;sth404a019f4
2021-05-09 23:00;30,69;8,94;5,75;sth20a4be023
2021-05-09 23:10;35,27;12,59;6,53;sth404de75ce
2021-05-09 23:20;38,83;8,09;5,90;sth20a96a468
2021-05-09 23:30;39,41;6,58;1,41;sth404f993b8
2021-05-09 23:40;30,54;11,71;5,91;sth40440c644
2021-05-09 23:50;38,57;12,84;6,68;sth404310e94
2021-05-10 00:00;29,66;10,23;2,08;sth404199ab0
44326,00001;54,26;13,82;6,98;sth404fcf17f
2021-05-10 00:10;42,39;12,05;5,81;sth20a29cea9
44326,00696;36,43;15,87;6,59;sth20a7ef1a2
44326,0139;31,13;11,26;6,40;sth404521c68
2021-05-10 00:20;34,82;12,99;6,80;sth404a00f61
2021-05-10 00:30;37,09;17,71;6,49;sth20a4af517
44326,02084;39,82;6,62;5,77;sth404e2734d
44326,02779;29,55;8,95;7,06;sth40461a030
44326,03473;37,12;6,08;5,34;sth20a572ac2
2021-05-10 00:50;39,45;18,50;7,17;sth404c24587
2021-05-10 01:00;35,15;18,16;6,94;sth20aefee89
2021-05-10 01:10;36,26;15,92;6,92;sth20a4a56ed
2021-05-10 01:20;29,96;16,70;7,12;sth20ad5d020
2021-05-10 01:30;29,53;18,32;7,14;sth40409f71a
2021-05-10 01:40;31,69;15,82;2,12;sth40435a51f
2021-05-10 01:50;41,39;14,87;4,66;sth20a5399d6
2021-05-10 02:00;36,26;15,71;7,27;sth4046d7aa7
2021-05-10 02:10;29,29;14,55;7,35;sth20accae51
2021-05-10 02:20;30,58;16,15;7,33;sth20a02e983
2021-05-10 02:30;28,82;14,20;7,45;sth4045ce20e
2021-05-10 02:40;35,69;16,43;7,28;sth20a535175
2021-05-10 02:50;29,95;16,77;6,42;sth20a141cd6
2021-05-10 03:00;37,68;17,25;7,83;sth4040de497
2021-05-10 03:10;39,99;17,51;7,20;sth40467cc19
2021-05-10 03:20;32,55;15,73;6,79;sth20a7c883e
2021-05-10 03:30;38,26;16,30;8,07;sth20ab98bed
2021-05-10 03:40;30,26;16,47;8,25;sth4047f3e51
2021-05-10 03:50;39,98;22,39;7,03;sth4046640b6
2021-05-10 04:00;29,97;17,75;7,81;sth20a6adbde
2021-05-10 04:10;39,94;23,71;7,33;sth4041c841b
2021-05-10 04:20;29,52;25,19;7,25;sth4045960c8
2021-05-10 04:30;31,41;17,83;7,43;sth40479ee44
2021-05-10 04:40;29,92;19,64;6,78;sth20acdc1b1
2021-05-10 04:50;29,97;21,42;7,58;sth4044e107f
2021-05-10 05:00;37,10;17,41;6,89;sth20af86a59
2021-05-10 05:10;37,08;21,31;7,43;sth4042cdb83
2021-05-10 05:20;34,58;20,19;7,25;sth4042950d9
2021-05-10 05:30;29,90;20,14;7,37;sth4046bdddb
2021-05-10 05:40;29,96;14,90;7,24;sth20aaf0f1c
2021-05-10 05:50;29,55;19,79;7,24;sth4048adc67
2021-05-10 06:00;38,50;21,18;7,95;sth4043aab06
2021-05-10 06:10;39,91;21,82;7,82;sth2014a8606
2021-05-10 06:20;37,98;20,45;7,87;sth20147d365
2021-05-10 06:30;43,12;20,23;7,53;sth2014bb11f
2021-05-10 06:40;36,82;19,14;7,75;sth40b3910f3
2021-05-10 06:50;39,14;17,94;7,35;sth2018f2a31
2021-05-10 07:00;29,66;9,34;7,09;sth40b1f5114
2021-05-10 07:10;36,81;17,62;7,38;sth201e87543
2021-05-10 07:20;29,79;18,61;7,15;sth40b9dde17
2021-05-10 07:30;37,12;11,72;7,04;sth201b1904e
2021-05-10 07:40;28,83;10,96;6,84;sth201ead990
2021-05-10 07:50;45,70;10,17;7,13;sth201373e05
2021-05-10 08:00;32,52;12,87;7,00;sth40b8a53cb
2021-05-10 08:10;33,55;13,85;6,95;sth201d102c8
2021-05-10 08:20;29,96;12,24;3,59;sth2013813cf
2021-05-10 08:30;38,00;13,13;6,70;sth20188c4a1
2021-05-10 08:40;37,37;16,50;6,39;sth201728e92
2021-05-10 08:50;29,98;12,62;5,49;sth40b648e05
2021-05-10 09:00;36,53;16,19;6,34;sth40b47d796
2021-05-10 09:10;37,47;18,28;6,95;sth40bf9cb86
2021-05-10 09:20;35,44;9,98;5,81;sth201a8a0f8
2021-05-10 09:30;40,71;15,02;6,16;sth201ab4c85
2021-05-10 09:40;81,73;12,65;6,51;sth40be984e9
2021-05-10 09:50;33,27;15,33;6,57;sth40b10a25e
2021-05-10 10:00;35,69;12,61;5,77;sth2017c384a
2021-05-10 10:10;30,95;17,55;6,13;sth40b6f5df9
2021-05-10 10:20;43,85;12,01;6,78;sth40b21e9d3
2021-05-10 10:30;29,93;16,96;6,03;sth40bb061ca
2021-05-10 10:40;30,64;14,19;5,71;sth201c6844b
